	pente	expo
10020102	3.8925129033659145	-1787.2554732937283
10020537	1.909578589168755	-1597.782863713518
10020902	1.401050512607281	138.5939397078294
10021029	1.3948514276826884	-3195.4626019795737
10021030	0.8140518307685852	-1076.429527759552
10021266	1.3300122141179458	-1962.4190755383722
10021697	1.314751919110616	96.7946286882673
10021714	1.102776221007355	98.05648615956306
10022245	1.9671947310020874	-734.2372345164202
10022247	1.2188723385334015	59.94897537231445
10022248	1.6705635221380937	-1867.7568447307005
10022271	1.3698934881310714	123.31303634643555
10022441	1.3486766227969418	122.61586590384722
10022464	0.3147643618285656	-186.84071276264805
10022465	0.9428469558462712	-1968.1840468200983
10022467	1.2902347911149263	-2915.226490380629
10022582	6.735686801200689	59.598230838775635
10022690	2.17317127264463	-492.2418701648712
10022694	1.032165653777845	-3467.395145528457
10022696	1.9209158922496594	-2883.21739552119
10022700	1.3101182261417652	-2198.643455606646
10022714	2.822694420814514	-1525.5362459818523
10022717	1.2022947037921232	-3883.939346112703
10022944	3.066850554943085	-9999.0
10023741	1.123134162766593	22.71893620491028
10024648	1.1717381477355957	-1224.709098058031
10024649	1.6528427547162718	-1701.7016978353824
10025148	5.083826668560505	-2503.808781215123
10025175	3.018997039286618	128.96904650031095
10025187	6.207538166216442	189.26850251590506
10025420	1.427403671046098	-839.7699431610107
10025656	1.07950292504023	-3309.5097424737337
10025896	2.120954657933727	-3077.667504845896
10025918	1.270327344085231	-1276.4747837611608
10026057	2.721761703491211	296.5650634765625
10026068	0.47687848409016925	-4448.494086525657
10026069	1.5051537469941743	-2913.189193187413
10026339	2.6446079011428227	-87.68693646767157
10026555	6.430809621153207	157.71117772251728
10026688	0.9067978840607863	250.80372438592426
10026689	2.93513427937732	278.14009511470795
10026690	1.7867407675870914	17.738630495573346
10026783	3.5901197646894762	187.98473064716046
10026785	3.8247516364962966	63.80834682032747
10026801	7.066176540510995	-28.38893876600703
10026838	4.796259229089699	-48.25775492714673
10027017	5.697637438774109	280.05402385271515
10027194	3.5142283666701544	201.04060205599157
10027266	1.8363978760699704	-1990.6942010264243
10028019	2.1066917771160014	119.4841947555542
10028021	1.867636137008667	135.06253523439975
10028937	1.8655324330696692	218.60003033490247
10029122	1.7886869699235945	-198.93917143149454
10029124	1.6730792878688068	-269.00856841482766
10029318	0.7360373256362487	-473.38261625501843
10029345	2.002507448196411	-4977.0
10029433	1.3895677546759946	-2278.653566537659
10029439	0.8940174778302511	-8551.285714285714
10029492	4.118792269862978	106.48912137425589
10029690	3.5367916645230473	-134.34530508014518
10030058	1.3789023482157086	-2920.980917801728
10030634	1.3720885103076808	-245.27892483695078
10030885	1.613036486837599	227.7467384338379
10031603	7.128533235494642	-563.6287135801454
10031614	2.6519876426120974	-1361.2480320974228
10031632	5.181159242339756	-405.5625
10032078	4.319637082955417	-686.0331071747673
10032984	0.6547000010808309	119.75887701977258
10033254	1.4781778068332883	-1162.4765224456787
10033507	1.062332599824318	-2109.135961117952
10033514	1.19560766664351	-1001.7056199117424
10033771	2.2836388254922535	-383.08648928183095
10034031	6.615397285242549	-153.9052381967676
10034375	4.504741132259369	80.50975095666945
10034757	0.7874525798333658	-292.6949140504859
10035169	1.0022536472727854	-60.62987043744042
10035511	4.103583335876465	-970.9505516052246
10035634	1.6948585246565155	-882.455958884103
10035719	1.3958502930979575	-3741.5119564222255
10036085	2.113141575706339	-1513.7872670049253
10036117	1.6831944006504398	-905.3012600135803
10036318	1.6043772819268443	-1481.43483746241
10037155	1.2389885194202852	94.49838515690395
10037158	6.590823929309845	234.96382855460757
10037468	1.0038900585735546	-61.233299760257495
10037470	1.4508734507994219	94.08206830705915
10037886	1.815829700893826	-1029.0210741360982
10037953	5.295725459144229	-609.9089889969937
10039220	1.633738330432347	-1837.3389134216309
10039975	0.8738224255411249	262.2679878793112
10040341	0.9975376111997974	-3251.8320301600866
10040870	1.2978022496881882	65.39842588666045
10041438	2.6271628193233325	-1989.9671180207852
10041469	1.8938798755407333	-443.1741239531287
10043427	1.542193639473837	161.96045605889682
10043428	2.181106617321839	54.604830638686224
10043473	0.9647319516996398	128.02790609995523
10043474	2.4959296385447183	68.46527824401855
10043476	2.608088028674223	170.61883146946246
10053267	4.647041775963523	-692.418739159902
10053317	7.6122233708699545	160.52328738570213
10053319	11.593330318277532	193.8215603601365
10053320	5.882266003911088	229.6404782616815
10053321	8.963852405548096	138.33671436044904
10053330	6.491545360977367	109.80489055421617
10053870	4.026998905286397	146.0693248949553
10054467	9.732225179672241	254.51811981201172
10054484	7.327398774444416	162.06992758644952
10054492	5.893278376622633	108.47738672850969
10054493	6.876213020748562	157.86500004359655
10054549	7.340689321358998	55.38370235149677
10054551	7.886217370497442	42.987125834157645
10054552	6.918204098939896	81.28271569146051
10054553	6.9768683314323425	80.70774173736572
10054582	6.841000353340554	246.63151843138417
10054605	10.84354814538708	-445.04323715269567
10054614	10.398570537567139	321.7416178385417
10056830	3.512744126841426	38.51943704741342
10056920	7.781809387668487	47.948516591389975
10056921	5.856043404340744	289.995679473877
10056938	8.525072084243641	271.3278398636585
10057132	12.212864784760908	177.95190413021348
10057173	3.9539859916852866	-115.45037231445312
10057174	17.450522831508092	243.29869519670805
10057177	10.612868494712389	190.16395131349563
10057180	3.548836269378662	264.4568338808806
10057199	3.8161166608333588	237.82979838053384
10057200	10.628746488638091	-3.406268491583355
10057425	5.395472165416269	107.40689098473752
10057463	3.0894511520862578	261.3597723079282
10057464	4.498074497839417	126.43943650051229
10057722	12.145045811479742	124.89571172540838
10057866	3.003761092821757	112.335364818573
10057867	3.5581922829151154	122.1396355195479
10057868	3.4011046290397644	195.18002809797014
10057869	3.7372742891311646	-570.3469455860279
10058234	4.076505254230228	210.42837352248338
10059872	7.1082450892161395	140.95973749160765
10059873	5.61926188962213	112.33048178932883
10060617	9.767743428548178	306.65037536621094
10060634	12.740906119346619	335.96482543945314
10060635	6.004244290865385	195.01658477783204
10060636	7.880698874672467	200.95328100234116
10060671	7.602133525742425	71.51242394447327
10060672	3.643661379814148	144.04473622639975
10060673	5.768805182425775	116.37007426767842
10060688	5.148733075459798	48.42680730317768
10060689	6.471395953226898	39.14172054827213
10060712	5.090940982687707	194.47033960679
10061352	9.480454608798027	-2660.3020085228814
10061607	10.70383850733439	117.34755666632401
10062109	6.453345803891198	206.84356733228338
10062129	5.980111408941816	140.4852004367185
10062162	7.296985886313698	157.82562446594238
10062592	6.841435406889234	-467.4467642813018
10062596	6.940109025029575	-1724.9302479908383
10062779	8.515803875067295	201.13655520708133
10062782	11.293700428570018	174.15012073516846
10062811	13.3987697660923	244.82573413848877
10062812	10.487426993093992	221.8048914467416
10062844	3.6712636152903237	-3144.144978841146
10063010	10.45397252503496	-987.5275438185091
10063011	12.28008109814412	-1301.991798214796
10063012	9.828702053747886	-851.1091804504395
10063368	3.4194297075271605	160.2558420390299
10063518	2.7054596841335297	-1120.0706305503845
10063529	9.635739257867387	-104.28351015622924
10063578	2.0305488109588623	289.30925903320315
10063688	11.019016877464626	198.52124694824218
10063689	12.355644134183725	-217.45660264151437
10063690	10.89525271975805	197.27140853518532
10063936	13.133365726470947	81.12277030944824
10063937	9.364571948261823	249.30879885919632
10064833	1.748854929750616	229.8913070133754
10064836	3.539966344833374	0.0
10064845	6.741528039712172	-1079.5860215590405
10064846	3.5238327298845564	245.50317164829798
10064887	9.754705262840341	224.6602369117737
10064908	3.5474326372146607	182.0464131037394
10064909	4.924339358011881	168.74902608659534
10064910	3.7783480167388914	18.9527286529541
10064912	3.476239298596794	72.37244258156743
10064913	9.205756052928184	-572.4976295070535
10065239	4.381819707676045	-20.072347677031228
10065274	9.106750957081827	156.5315817218696
10065363	4.3298899332682295	166.77037005954318
10065367	5.858972400426865	117.65875964694553
10065369	9.565468342215926	-49.09898608426253
10065371	6.225378348277165	-66.79489708287376
10065462	5.5117013177791225	236.49114612947432
10065640	6.034736888749259	27.494086265563965
10065642	13.600107192993164	119.05460357666016
10065643	8.271200294847842	51.955387655893965
10065922	3.11482030048705	181.9640002415098
10065923	2.6507006993419244	159.17880804642388
10066023	2.959984872399307	82.598425691778
10066024	4.406828358769417	77.3686990737915
10066037	3.556327637873198	90.78000685747932
10066675	5.586743192923697	-2824.2681041250426
10067626	3.08143441591944	-863.5571252146075
10067645	3.5947915142860967	-270.2023693675726
10067893	2.805076460043589	211.17658362850065
10067910	1.9723239006667301	196.07487839460373
10068146	4.06172769000897	207.56641730202568
10068681	3.7577158220402604	-68.78581451569627
10068705	4.221298645524418	-397.2424615903334
10068721	3.187678196600505	60.40749097692555
10069337	13.68322859207789	90.40674718221028
10069370	8.681756589900363	257.4335271517436
10069463	4.871029409868964	166.4674090632686
10069464	4.128274917602539	157.52056884765625
10069791	1.748327345683657	156.43519789172757
10069792	1.6859584439034556	162.70886538578912
10069793	2.393775543781242	47.231115793444445
10069796	3.0523121692764925	201.60972868429647
10069797	2.3795976147932163	228.7316671022227
10069848	3.408341478175066	45.13183149202602
10069852	4.1937681039174395	118.86243209018502
10070499	4.194906683711262	234.84377597173054
10070681	5.597635121572585	188.47783102095127
10070682	4.5738135227996315	0.8015300703572703
10070683	6.110055050542278	223.55353342597164
10070684	3.0415555263052183	128.27623323492102
10070686	4.308887484596997	188.09798715379503
10070687	1.6497906843821208	243.36368306477866
10070944	7.39068603515625	66.1449826558431
10070967	7.416695471965905	-945.6621448391087
10071088	2.9389141066032543	144.35845718383788
10071609	1.719035029411316	125.0472542444865
10071997	6.134026050567627	19.675876259803772
10071999	3.619597539305687	21.693139428184146
10072001	3.6476362546284995	28.547378540039062
10072961	6.492777782517511	251.7364959716797
10073082	2.508717347835672	134.52113812310355
10073086	3.5844006967544555	123.66678771972656
10073115	12.627489582697551	80.57012419267134
10073123	7.69182935215178	99.29713384116569
10073242	3.978866831286923	260.9092064523078
10074167	12.974483562754346	239.4167133161
10074206	4.4789240083029105	88.91656638480522
10074212	7.072091214997428	-900.0388139724731
10074537	4.576884534623888	111.46501704624721
10075504	6.703096463130071	152.90925974085712
10075576	6.2325959131121635	60.396033769304104
10075819	8.603440393101085	209.2001667022705
10076175	7.54454090418639	-544.8595019925025
10076440	6.775702171209382	-9.9566263187151
10076805	8.548924922943115	195.9387559890747
10076816	12.084221425947252	256.73170861965275
10076817	11.035929462681079	-46.98637653390566
10076843	8.01863760948181	234.18599354137075
10076844	7.469510794832156	164.91545413789294
10076890	3.402320255251492	252.12747859954834
10076891	3.6754305816832042	-313.1568225891359
10077040	5.709993386268616	-239.51169534251093
10078180	5.544734231450341	113.60660544463566
10078341	4.596784498691559	198.88314107524025
10078342	1.788682860987527	213.14001560211182
10078446	5.175386919694788	258.1823476155599
10078456	10.136263327598572	207.6988957974969
10078807	4.4190344115098315	165.54937778578864
10078808	6.449942544102669	76.4839972919888
10078809	8.327941711132343	44.507346001538366
10079943	15.760867754618326	98.26398479938507
10079944	17.237017873045687	249.69653800817636
10079945	6.224847674369812	204.87735493977866
10079946	10.786926031112671	210.7558242134426
10079947	12.03588581085205	237.09475708007812
10079948	8.614014488679391	214.21920437282986
10079949	6.692576766014099	237.9900592622303
10080261	7.082021134570964	-404.66062225485746
10080434	3.1745853424072266	192.37157821655273
10080435	3.893499592517285	-227.94319666756525
10080436	3.8838808611035347	200.79901482077207
10080438	4.052161738520763	-213.76195318222045
10080472	2.3713938665390013	-228.20849129005714
10080480	3.293120705164396	194.7800423117245
10080481	4.004201164952031	-565.7445703915188
10080752	2.952441783926704	-108.14070918333476
10081856	17.869048416614532	25.75990104675293
10081859	9.227719141089398	72.55540268676086
10081938	2.91913104057312	113.19859313964844
10081994	4.226221860908881	179.81967812997323
10082020	2.831973075866699	
10082159	10.385549423157	149.03097072182868
10082673	8.669953208574107	259.6331086688572
10082674	9.577159484227499	233.34341430664062
10082678	6.20700877904892	241.6036580403646
10082679	7.216274795708833	233.18917254245642
10083039	14.963596249039554	159.45507483420965
10083382	4.189619376659393	207.98282621457025
10083383	5.112583637237549	9.907670280207759
10083385	4.262686097994447	96.31357313156128
10083387	3.211680380197672	32.17010728223824
10083389	4.594506949186325	206.24380635363715
10083390	7.693147591182163	127.81403958797455
10083391	4.113918195168178	240.7704713977113
10083392	7.402093480615055	226.57703264136063
10083422	7.717930445799956	149.33684972814612
10083423	6.637189467748006	109.3507797241211
10083424	5.823315433093479	151.27686734571523
10083425	6.981781310505337	-21.672536489125843
10084527	4.918705107587757	108.37582825169419
10084894	3.217190713238862	208.87004246745076
10084895	2.521793980347483	183.540978596324
10086491	4.716915527744406	163.78082669151496
10086493	4.662461869260098	222.35546008023348
10086983	5.18519114592429	162.07521578262413
10087042	6.288723503328432	1.7096509772782043
10087083	6.621899037017036	196.28829021453856
10087084	8.308604028489855	236.10292731391058
10087194	4.323669615179994	70.6653340956744
10089064	14.415576308638185	91.6914255397836
10089065	19.6353813012441	122.84965402108652
10089814	4.1956050474514335	210.015163113994
10089982	2.493987182776133	84.95223039569277
10089983	4.128274917602539	116.56504821777344
10090292	5.372557678766418	201.97310016155242
10090293	2.2388713359832764	64.25846290588379
10090325	4.8926511236599515	103.41867922313178
10090425	7.447630806245666	147.29792119586278
10090426	7.349000453948975	339.0610656738281
10090433	4.339042782783508	204.80436849594116
10090458	6.923154919755225	244.00521454987702
10090476	4.219149714479079	214.32064923700295
10090628	3.8614681363105774	-295.44165019989015
10090756	4.803837107677086	238.45284442243906
10090834	6.888459203606945	201.09290279354062
10090835	4.552074830811303	174.7734331310305
10090838	7.4002227783203125	147.1579751407399
10090839	5.0617314842012195	267.4454532199436
10090852	0.9224304755528768	250.8179138183594
10090921	4.007130858989862	163.81431274414064
10091167	4.88837206363678	285.5331628972834
10091183	2.2078898191452025	-869.2781135559082
10091503	1.6897599952561515	-423.38801193237305
10091504	6.708412532453184	-127.27272427082062
10091573	2.9366343346509067	281.5057601928711
10092348	2.9814715733775845	-173.75130103326612
10092349	1.6317798793315887	-988.8399971856011
10092704	1.3944027928205638	228.6453409830729
10092706	1.1632166779559592	-580.8446881081607
10093512	1.6984991940268634	-101.69698579849735
10262767	1.3366782496161496	-1182.07006576168
10262768	1.1584018477719955	-453.8780700456901
10262779	1.4180030715239198	-537.3561435893885
10262787	1.2035641570219258	-186.23549755800119
10267093	1.6432703587603061	-24.319602879144814
10268081	1.4734323024749756	-9999.0
10268082	1.3469375337379565	-47.820134683088824
10268218	1.575601981610668	-203.90257154726515
10268225	0.8541360286565928	-314.02255826118665
10268252	1.4916357707302526	-328.42254707461495
10268254	1.1637403540415308	161.4271190804495
10268982	1.69238760815331	-274.77543950762066
10268983	1.7207571783891091	-1381.419953500657
10269483	2.509677767753601	194.5622068001674
10269712	1.4529016848424035	-1908.8689716005106
10270078	1.9520310556074703	61.08027379409127
10271662	1.2453510396620806	-1050.137022459588
10272498	1.6871222772905903	-571.5966948851561
10272503	1.2207890172409857	-422.05806290157255
10272692	1.2864053382825003	-1226.125610973524
10273468	1.150891452286374	-1866.058356404956
10273469	1.4425448575704136	-1061.8658336157937
10273518	0.8023174197777457	-211.59552022244068
10275450	1.3299455357413006	-697.5057139697376
10275511	1.0574661776234833	-327.1374449073721
10276544	1.1642673887775443	-894.2221931486639
10276545	2.4130215921263765	14.275474389394125
10276925	2.528147877466799	-215.61340938228193
10277307	2.5324295691081455	167.70012617111206
10277308	2.663434547047282	193.3596881964268
10277752	3.098221445083618	131.82453689575195
10278484	1.3360189017127542	90.80835763743666
1032646	2.0555498749017715	211.7094007219587
10434870	1.2991029551481226	-654.3814224860322
10435792	3.316564476025569	61.95860858782228
10435793	2.827566413025358	196.2046512188567
10435794	2.327774796420581	226.22199210950308
10435795	2.5320408739694735	181.96970375921669
10911877	2.6427832777435714	-691.8948046540561
10923665	2.6493531222696656	153.88550410951888
10923755	1.9623518906141582	195.45773944854736
10923887	2.4896021005583973	218.5385465534455
10923942	1.7111149787902833	312.53405422634546
10923960	6.349130829175313	316.5274719238281
10924035	2.1136096810216958	197.49195477837011
10924059	0.9768887288642653	114.59731815883092
10924330	2.2361297176239336	137.73107591566148
10924351	1.6894688976222072	211.5774041925158
10924358	1.9025083780288696	190.12146663665771
10924359	1.2843917608261108	192.30175971984863
10924485	3.123280919116476	-205.1228491741678
10924559	2.5838507215181985	88.39663365681966
10924560	1.7250120774986817	137.61687852159332
10924599	2.161787212535899	250.12722706150365
10924713	7.8862769365310665	175.2938715616862
10924768	1.9939228667841329	119.05883840775826
10924809	2.6125854615923725	159.58825856377098
10924922	1.0756885766983033	57.31343765258789
10924957	2.151941401177439	179.55760441937494
10925027	11.213085323572159	220.93362979499662
10925055	4.690788005734538	166.84662483478414
10925114	2.1173609139457827	180.42081978847816
10925128	1.1789555007761174	306.5426001915565
10925136	2.667752392590046	154.46843486362033
10925182	2.9890387145911945	163.7391420133652
10926258	3.0037611722946167	266.54437255859375
10926570	2.4005913393838063	143.9820034720681
10926839	2.07279160729161	275.15058333785447
10926874	2.1985813558101652	118.83456524252304
10926887	1.7314760444700257	184.15236711502075
10926894	1.3791926032618473	157.84648074274477
10927640	2.644148063659668	173.1433908674452
10927784	3.4705590094838823	250.4184718767802
10928018	1.899083482913482	140.60651916059953
10928090	2.4117420487933687	119.30437938983624
10928170	3.4616065544959826	126.72309741973876
10928489	2.2911144495010376	184.34833145141602
10928537	2.210031554518468	67.37752852478181
10928538	3.1400901079177856	122.65255770475969
10928602	1.8227688979498948	-460.97195427327216
10928717	2.8849604028336544	213.1372622856727
10928929	3.4637808799743652	264.3538292778863
10929118	2.1642265466126527	172.96472342117974
10929162	0.9458285838365554	-1966.2960691906158
10929187	2.6545305140316486	190.5719893137614
10929733	2.5458601117134094	139.0163714090983
10930280	1.8453812149141295	123.34053952203078
10930788	1.271967920564836	74.00384522998144
10930978	2.490264183596561	218.5529638598947
10931238	1.9218662977218628	224.37789408365884
10931241	2.0233335683220313	161.57291653281763
10931242	1.633422315120697	111.25212721391158
10931243	2.64565600667681	213.46269035339355
10931244	1.6020360655254788	262.32625470842635
10931354	3.661922261118889	209.35665675571985
10931514	2.7943126601832255	189.41935468489123
10931926	1.2454915236343036	150.05611989269516
10931945	1.8403575391445346	110.86719769153869
10931970	2.596250136693319	118.25024539026721
10932051	2.8850117214655473	-127.91328148312039
10932158	2.647022890008014	153.40903341359106
10932160	3.8482312758763633	275.4385817845662
10932163	2.5260145037861195	168.3777466062772
10932179	4.504528853201097	112.54222280328923
10932183	2.7011779975891113	-286.89462031488836
10932207	1.4990597345210888	157.05931145211926
10932343	2.2317091883445275	226.42113411426544
10932393	0.0	86.49093818664551
10932462	1.3402331308885054	203.38946151733398
10932640	2.309016779065132	138.3302764892578
10932780	2.2582588829892747	68.47292584531448
10932784	3.615149566105434	108.26735809871128
10933282	4.273933053016663	228.43042500813803
10933312	2.835997407252972	39.792130538395476
10933460	2.3599743366241457	97.45311012268067
10933461	1.921276786110618	182.40108637015024
10933510	2.1977106728161364	137.2535787972998
10933517	3.202768592273488	-1106.4375
10933521	2.6502752701441445	329.020283092152
10933638	2.126768659372799	199.20743221706815
10933769	2.4779936858585905	85.83000755310059
10933783	2.396315760361521	-214.3972941807338
10933841	0.9943843219015334	228.51096263684724
10933844	1.9842918838773456	143.8208929379781
10933846	2.855698049068451	310.24542236328125
10933847	2.065661833399818	291.6304880777995
11189297	5.334552409602146	185.2526943295501
11189316	2.227421760559082	231.1417479742141
11189369	9.503783702850342	-1650.7707259995598
11189739	1.3317179397532815	265.23879166723975
11190069	4.533822612629996	128.7683708667755
11190304	1.0597976699019924	-1052.1435824802943
11190349	6.131038359233311	125.965749613444
11190365	1.920112655276344	-508.2695680194431
11190549	9.300436680133526	97.50476241111755
11190930	7.719757506480584	-68.398549860174
11190986	8.542064001685695	-273.0789253234863
11191190	3.2604179840821486	81.8455059344952
11191226	2.319537434313032	102.2111432677821
11191950	3.706863824526469	62.31320804502906
11192251	1.1902249129313343	78.51473891944217
11192253	0.9913588474536764	57.64138889312744
11192543	4.09581889889457	-49.383770951273696
11192544	5.540062995578932	122.46812313892802
11194200	2.385122430475452	65.30983619820582
11194434	5.471780072929513	240.13639140332867
11194997	6.100053176879883	-1223.3428001403809
11195241	3.5196805795033774	272.5347480773926
11195412	2.3919145297259092	93.93068488699491
11195450	4.805706150829792	192.27642168317522
11196239	8.249959090581306	-886.0153330588828
11196739	3.6569847693182016	147.34022160371146
11198036	6.6317185972943715	116.16116978905417
11199786	6.341586351394653	189.76553916931152
11199794	10.034851037538969	305.1439637880068
11199936	3.575515714975504	183.5624555860247
11200511	1.4250731985179745	-148.60614225026723
11200532	3.596573811485654	69.00549166543144
11201310	2.190127512613932	-1874.2382029985126
11201418	1.7576024579623388	121.33624889284877
11201504	5.422265291213989	141.80486679077148
11201629	2.872962325483888	-856.919913077841
11201632	3.373515698042783	7.593788653338721
11202118	5.112937354272412	105.01835586085464
11202119	6.5273756980896	52.12501525878906
11202473	1.7711792544082359	122.04423268636067
11203151	7.047783915201823	303.269862874349
11203688	1.0296987594702305	58.98655727505684
11203726	1.0481706132840871	111.21686543226242
11203760	0.9983283865208529	89.52319427158521
11203761	0.7360216658166114	85.11707829320153
11203766	1.6562264244835656	109.39092086329319
11203772	1.6019845690046037	69.98755314039147
11203830	6.835104974177287	-1084.6999878754486
11205069	5.842224784768545	-486.5505713689895
11205262	1.0967403469663677	140.713217791389
11205406	3.1513006661249245	229.36114550138774
11205429	1.9060034036636353	38.025681495666504
11205980	3.1532566944758096	242.39894485473633
11205987	5.658810968522902	22.2133926153183
11206503	8.29875989521251	100.24799982706706
11206917	3.830007832171181	-23.34966818285195
11208113	6.715170062581698	-448.9601533011635
11208359	1.6179922663647195	108.76363953300144
11208408	0.7456167584115808	139.25240148499955
11208797	1.0675870353735766	70.13644111019441
11210096	1.369227449099223	171.14149475097656
11210119	0.8554100516167554	129.4265146415327
11211254	1.4139178017134308	259.89880667194245
11211318	4.010686919689179	261.6342171889085
11212958	4.252516508102417	302.58678181966144
11212959	2.0853454849936743	257.6329345703125
11213038	1.3060061899098483	-246.2380093061007
11213255	4.309622743898187	-159.31307271674828
11213258	4.731483359336853	66.59194465325429
11214633	1.3617963552474976	121.2581392923991
11215226	1.6516069333220638	142.66945641500908
11215822	1.6219795511828528	237.82626814000747
11215824	3.1563109650331387	244.38231767926897
11217944	1.435541775563489	-390.96576068856126
11218129	0.6230266118049621	6.868207247752063
11218808	4.247959613800049	
11219262	3.180665446179254	290.4896111121544
11219320	4.194064254492101	-169.55018144665343
11219367	5.173610411785744	-438.251211704352
11219373	1.465212917327881	-1031.5903342352974
11219813	2.132020280046283	140.37491043408713
11220301	5.2154114908642235	156.70387919356185
11220441	4.298975944519043	199.52783584594727
11220453	3.033845176299413	176.95773668986996
11220801	2.4065144658088684	158.78528442382813
11220860	2.1736984019426955	245.5670500410364
11221106	1.4716980854670207	212.71003214518228
11221279	5.684644037730073	256.49905130460667
11231949	1.0974318605202895	57.02153825573623
11232363	1.3922337240642972	195.82499495796534
11232392	1.8864866951915706	194.30338982741037
11232544	1.5662350426328944	-382.14953877244676
11232563	1.6385389197956433	262.16354290944224
11232567	1.8572625925666408	154.75264612833658
11235046	0.5245556235313416	-78.90218590401314
11235092	0.8444419158132452	145.83623009461624
11235760	1.4232816438417177	-145.76146928800478
11235832	2.145784197251002	251.81404470963912
11236881	1.0099045396820316	204.95495966861122
11237386	1.4167064693795532	80.53600384507861
11237735	1.5499830445887879	119.41704241913486
11237950	3.0257500963551656	257.63304728846396
11237954	4.1915060502511485	278.47431396484376
11237955	4.019602054641361	-345.0655942644392
11237956	5.218347143270298	194.61915043600246
11237957	4.140957832336426	59.43940734863281
11237958	5.258762979507447	133.0694671760906
11242591	0.6225694849377587	-411.0127063967147
3072536	6.788088634498138	122.30228309048951
3072551	6.547961678033993	-2626.669766413701
3073213	7.841252432929145	93.49703944356818
3073431	1.3352281122372067	-679.9272803698267
3073510	1.089590320893384	-543.9232972343013
3073594	1.1765676167634156	-2369.539887591106
3073981	1.670819640159607	-1158.197792746804
3074542	2.7055241870880127	91.2759831237793
3074547	2.7384022576244256	156.94559303119027
3074788	5.576408224105835	211.39703985278527
3076161	1.5488397104795588	-5965.400000169542
3077316	1.3134662220554967	-1765.5849552578397
3078120	8.969441653466692	120.77903886941763
3079885	2.2685012079420543	103.83352210304953
3079951	2.1168020225706554	219.28413792660362
3083315	0.33346921386140765	157.62730514301973
3083321	1.1109154292515346	-509.2782924016317
3083397	1.6356736842323751	30.333844910968434
3083407	1.0235977292060852	176.1335703531901
3088322	1.280268455705335	-2043.323611801249
3090615	1.126208576344952	-1281.268691177368
3092078	1.6042554449467432	27.177226045301982
3092079	1.6115531921386719	25.524652940173482
3092085	4.145420116644639	132.10939563688686
3092866	0.8714683845445708	121.39658159679837
3093303	1.4133283953581537	155.87437235184436
3093383	7.955791458170465	170.62249587039756
3093749	0.8626315410320575	-2503.4760509837756
3095600	1.0996922278820083	-1285.8113286797004
3097043	2.9916350390730786	225.13557385896382
3097338	1.8459896592918885	71.52822153464608
3097420	1.932222583910802	-191.71126464317584
3098979	1.1125531403914741	-976.7240486257217
3099705	5.396578920421316	0.6372191728051029
3102579	1.4010567381268455	-1073.3895989089715
3102581	1.2032595419250758	-5736.767590193315
3112273	1.4907329343704587	-1461.2425553514602
3112742	0.884065899848938	-1807.2476767812457
3112834	1.4101016958554586	-1194.4994338353474
3112842	0.7756103169533515	-1661.364793360628
3112934	1.2677338898181916	-392.5384629902087
3112935	1.1568190341300153	-1304.3454845348995
3113414	7.633538378609551	141.3132819414139
3113582	5.559579443123381	92.52318528782237
3114133	2.2130540295651087	-1331.5716360092163
3114137	3.934570343406112	-1840.662601928711
3114141	2.5704700881784612	-3375.000000267698
3114142	2.048574411869049	-3519.039539683949
3115835	1.7165734893907376	180.73723320457023
3115838	5.557182298256801	155.79652031648507
3116683	1.785654644880976	122.39063328710095
3116750	1.5877699247304944	-397.38313766493314
3116831	1.931982542120892	137.272705871447
3116875	1.5660924670062488	97.93337463276296
3117782	4.308528323327342	184.8413800206154
3118638	1.2285290850351935	170.9740526737311
3122340	2.934771816222676	178.87008293325252
3123637	1.219179990556505	192.7435848324798
3123742	7.651068830490113	-719.7699247399966
3123753	4.40283281227638	236.83242326495292
3125049	5.239906988762043	219.33189204701205
3125055	4.041525065429568	-613.2035963282441
3125187	1.9803784748898494	174.80619799025516
3125199	5.144981311213586	142.01175346927366
3125289	3.8031260115759715	125.79722552829318
3125766	1.2690764744326752	-3022.7360595163673
3125767	1.689211666584015	-2822.2360605512345
3125768	1.4598013571170574	-1869.87118533822
3126195	0.6995998533333049	191.8012011148096
3126202	1.6313166958945138	204.14628261990018
3126296	1.5810189247131348	205.9605197906494
3127079	8.022196815951204	-1378.1633229188892
3127162	6.675465421397475	-404.18931768680443
3129564	1.8695337897123292	-2106.0586948959917
3130714	1.799716680349704	-224.18051215390253
3130925	1.1558025020608156	-2055.547167296637
3133929	5.260436818219613	229.3714158565967
3136012	1.5414867762031905	-165.17902921426176
3136126	1.9670738315582275	-1804.8009684636042
3137110	2.0276770280166105	265.8921432495117
3137193	1.9522021412849426	23.985997517903645
3137276	5.795843274593353	167.70032369714033
3139936	1.8954643998827254	-275.17998723285956
3144475	1.4494898935844158	-4959.294842243195
3145156	8.306920612444642	40.86874210569594
3145239	1.9783503234386444	-1412.6654968261719
3145420	1.0087314208348592	-3683.4131066799164
3145539	1.3788639868006987	104.42804919348822
3145738	1.4433552911204677	-6503.245865525871
3146415	1.3940518124733565	247.55315076934625
3146427	1.4384570300579071	-85.36016703625114
3146751	4.256614690396323	266.138358931108
3147893	2.0119843814108105	-173.5839123254294
3148051	4.106483946828281	-347.6526087804134
3148487	2.2111275133333708	193.7753272283645
3148488	3.507388541433546	132.3383213941087
3148574	1.6502647747596104	233.90701467340642
3149778	5.294942118964353	22.68762138562325
3150000	4.706645457975326	-659.3492560232839
3150009	4.158250961984907	-1960.9539485730622
3150010	4.883182665576106	-51.42273440890842
3150089	9.994203382153664	-943.4087050891504
3150854	1.5526185716901506	-1264.5532625132594
3150856	0.8441899437457323	227.4399489105725
3152079	1.885311871767044	-2212.4108534592847
3152083	1.3337494134902954	-5914.713009643555
3152185	0.7023432339940753	-1417.631130095451
3152189	1.527498800937946	-1962.061170359127
3152190	1.4305231337305866	-1309.2133825302124
3152194	1.195209542910258	-3945.6
3152195	1.5215345807373524	203.7503301558956
3152198	0.8904380628040859	-1208.767492021833
3152199	0.9898688614023903	-785.7104141908534
3152203	1.0432031447427315	-3124.776665320763
3153112	1.9999655298888683	103.21733743902566
3153213	0.6005420997153204	94.47445303122903
3154136	7.289662354522282	289.776084391276
3154213	6.036980628967285	213.64118518251362
3155269	1.3231650543212892	-1677.9945648856785
3155271	0.9473372144023264	-2383.571972839592
3155359	1.277782552772098	-2848.5434951782227
3157990	2.6065973707220773	107.0540129213917
3160057	2.7603154397673078	19.524295882174844
3160540	1.2159102992577986	-1920.6231700098792
3160542	1.7843689813948513	-1104.562500635783
3161067	1.1928935253014	-1770.3958631075345
3161073	0.5510923895570967	-2174.9139977561103
3161075	1.1465186489389299	-33.71555263438123
3161077	1.1496718489393896	-429.0605992211236
3161140	1.3442749198940065	-1409.3923037679572
3165288	2.12835390721598	202.74910012999578
3165289	1.1115156199740268	-1212.3414029595572
3167817	5.787045426256075	-235.27457336945966
3169399	1.6881124103391492	197.21101013992143
3169871	1.2604097669774836	-1154.3952338478782
3174351	2.044548487121409	207.44622465904723
3174355	2.3478745485461037	-3.8690834972593517
3174356	2.0866780151020397	212.0485997693292
3176110	5.032329740195439	101.61459325974987
3191279	3.9623444080352783	47.261986541748044
3205508	2.606821318952049	-598.1838339669364
3205512	5.249962287980157	199.7628631591797
3205513	6.400770924308083	86.30897244540128
3205516	3.9968265748023986	154.84040388853654
3205768	6.32670049290908	201.21978823343912
3206078	2.8161899577016416	185.96971275692894
3206158	3.4003353924364657	160.20044607865182
3206549	4.060749031973224	130.8733335045295
3206552	3.41642100137213	148.3033709858739
3206986	3.913981640025189	138.04624838706775
3207638	5.8919044733047485	105.95237477620442
3208191	3.60858036853649	154.60336935109106
3208194	7.586034218470256	233.7669643630152
3209961	9.690960235233549	198.4056154621972
3209962	10.227775573730469	144.78240966796875
3210048	4.6295309676064385	74.72072025221222
3210052	3.621724610978907	196.57381047700582
3210864	6.005701647864448	133.57960523408036
3210878	17.931790609444892	-168.56206478611116
3211316	6.393699757258097	176.933299817537
3211317	4.889795231819153	-85.1180838507575
3211613	5.651203894615174	-78.46665975782606
3211617	8.531605852547512	-966.9534406818327
3211620	7.1494558310844525	-2085.582590058094
3211621	9.557371456858139	208.89217225099222
3211946	4.9690119001949045	23.20929150410297
3211950	3.813729763031006	88.01952329741584
3211952	3.204116258025169	-111.38232309950723
3212106	11.646960571408272	197.82486666165866
3212150	1.752953953213162	49.28510284423828
3212192	4.3559751272201535	-782.1074859619141
3212198	9.37258407648872	109.36647443629023
3212202	10.575086471646332	315.988583965735
3212739	5.75673089065705	169.68163415578405
3212740	8.551963329315186	195.35600407918295
3212747	8.7789073408567	148.78937698735132
3213249	6.380401968955994	94.18441828974971
3215037	4.085491292817252	167.7069583998786
3215234	3.4761452774206796	243.6151538848877
3215235	3.3562193023624705	172.53139706218943
3215236	3.0332552233049945	200.4146949504984
3215889	2.600335642695427	271.873254776001
3216684	3.7348841165567372	-202.72896677401008
3216848	12.970577595865025	-474.97119782322136
3216852	9.311414959000759	-159.63795770009358
3216853	7.40405519102134	-189.66263344504617
3217075	11.388408233379495	-216.0751233370799
3217421	2.852625021934509	256.26267078944613
3217422	2.7738453149795532	262.4729453192817
3217423	2.3149647070811343	36.63794733683268
3217424	3.4946567908577295	-64.83025676646132
3218087	1.465534151924981	143.62044877540774
3218088	1.7755071201794583	-118.03488020994226
3218343	4.3447239894133345	129.39855470079365
3218344	3.149499091837141	244.960112861965
3219204	2.010621232144973	196.0584270770733
3221891	11.731826292628096	-155.39747582569024
3221904	8.816062769719533	218.57730682373048
3222628	12.89434948483029	195.4985920299183
3222713	4.913971968235508	115.82046008879139
3223754	9.215186882019044	102.6553603278266
3223758	7.23430118560791	72.63405354817708
3225253	14.379640428543091	81.52680269877116
3225255	9.330652423562675	-185.61015965282053
3227087	5.532736882086723	303.5513251168387
3227089	8.648307408605303	148.8907270449311
3227094	4.720756085713704	143.9878122806549
3229259	13.622672004699707	123.43689148242657
3230134	1.500750740369161	247.38878377278647
3230135	5.13488079359134	167.02109221692356
3230355	11.817165228298732	298.0358482809628
3230564	5.2561064720153805	223.04560672535615
3230566	4.300502586364746	207.8313612504439
3230604	9.519118395921225	-294.21623152273673
3230611	9.61492789514137	123.29871333729137
3232683	2.311765882101926	165.67501905487805
3232688	2.0647528767585754	307.81532287597656
3233507	2.0924134254455566	111.35651683807373
3233508	3.3021552761395774	288.8305559794108
3233509	4.953262193396836	222.68523879051207
3233511	2.2504164457321165	284.6111349662145
3233568	1.740401029586792	329.25123596191406
3233569	5.5324536800384525	43.399836730957034
3233570	4.0872699448040555	49.99657106399536
3233814	10.8765911952309	-293.4053268432617
3237021	8.16972957235394	27.093091516704348
3237023	8.658713227993733	-310.3099168476306
3237024	15.88353725274404	194.93752415974936
3240095	5.669990638270974	-948.6165900065981
3240097	2.9385903881442164	35.681823146235836
3242131	3.5580844789743424	131.53420734405518
3242550	5.254034370183945	173.59636336878725
3242804	8.854389731884003	263.45985128229313
3243354	1.3487876805994246	-2717.3151225610213
3243689	2.6484590043192324	-1500.9670740763347
3243995	4.328905880799767	212.72624208786908
3245201	1.5831211805343628	213.40070343017578
3245202	5.19376049225147	249.97797783215842
3245203	2.6767642498016357	242.63048095703124
3245280	5.390395600220253	28.38934149308638
3245521	5.096283634503682	124.27822208404541
3245588	8.164624989032745	167.71003278096518
3245593	9.549287567967953	216.44421062469482
3247138	3.376757624474439	225.27952565317568
3247139	6.3790364580995895	101.28233586417304
3247141	2.6004921379735912	200.3679404875328
3247143	3.1798303611576557	246.66379604917583
3247144	3.781577852510271	265.43456038509504
3247150	2.7204857881252584	75.61309880223767
3247151	2.697449350843624	107.80348018724091
3248718	4.9566151142120365	145.39484363613707
3248721	2.894394470585717	90.96426345242395
3248723	2.266320155591381	145.04349718923154
3248724		156.25050354003906
3248725	2.428973146847316	258.74877965173056
3248726	3.655010148882866	94.8735299428304
3248727	6.1472561451104974	-227.397183788066
3248728	3.630864381790161	191.39468574523926
3248730	3.0540074953218785	176.3444621500216
3248802	3.8895217885066122	83.06205901479333
3248808	2.8576403753025326	-58.54734820556641
3248809	6.269662809371948	134.0699199329723
3248812	4.724426922045256	101.00018443559345
3249062	6.8687503315681635	251.18224584102632
3249065	6.906643607643213	160.3369865176044
3249068	3.53395476937294	131.1945915222168
3249069	4.042293190956116	112.72285308837891
3249070	6.391221150313274	-40.271097399524805
3249071	4.430156707763672	111.96919298171997
3249074	4.910291792257972	87.4290675719579
3249075	4.876733303070068	235.90070343017578
3249076	3.7477694749832153	212.5432962690081
3249077	8.045448173176158	102.30776665427469
3249078	6.49834946791331	106.09104855855306
3249150	8.802877739071846	201.80150598287582
3249154	9.27158540837905	135.88579286920265
3249155	2.6959717750549315	126.89950466156006
3249156	3.2332712491353353	-414.66372776031494
3249158	6.201105028390884	197.431155865009
3249160	10.617240244487547	146.235188111015
3250179	5.828640341758728	-838.5608683481266
3251661	3.334874943989079	95.90068184061253
3252837	4.476271277818924	88.60838014429265
3252839	8.102056727689856	209.36164624763256
3254780	9.8357572555542	162.60843658447266
3254781	16.083931712820977	161.451638202278
3254851	17.045598593625154	187.07626858273068
3254855	6.765683673523568	227.51889366573758
3255560	8.587342329086011	78.2128808089665
3255561	4.321147759755452	85.8081766764323
3255706	4.644698273151293	-510.6229128370098
3256704	2.6925759150431707	92.1255500201256
3256705	2.3585141203071496	85.0820583820343
3256718	3.624295082092285	231.9719037230198
3256725	4.6283374104583475	240.92234352887687
3256779	3.243987775367239	133.48516693115235
3256796	3.6524288660031186	-209.91493785960003
3256861	9.208841314502791	175.46716506392866
3256862	3.6065690375509716	181.61534812838534
3257004	3.4878088235855103	83.75927568518597
3257006	6.4467298902314285	160.26010805017808
3258137	4.755820508003235	233.40272111159103
3258138	3.3096368382958805	101.16359977722168
3259687	7.164262413978577	223.9017354329427
3259688	3.1535207313649796	-309.599223287482
3259692	5.119303502142429	161.8613035413954
3259881	6.090449303388596	-3378.8680899483816
3260187	5.353159073627356	-3192.654981340681
3260199	2.1850300439416546	186.4225587972005
3260200	2.7399587684207494	234.2391515171135
3260201	2.126787789880413	224.0899515488209
3260202	3.4147902900522404	205.95956742136102
3260203	2.410576045513153	189.03441183907645
3260278	3.935816322054182	273.8790756751751
3260279	3.1406809362498196	252.33324266516644
3260284	3.3390826170261088	121.31295723138854
3261417	6.458090687185768	-935.565793659376
3261641	5.5616907144521734	184.74194256671063
3261743	9.642208844810337	-797.6945676503691
3261798	4.6170675786765845	-135.73996268378363
3261802	3.2513061395058265	258.1761685884916
3261803	2.52390628390842	266.38276592053865
3261806	2.1862451593081156	121.8905897140503
3261812	2.9195140248439353	17.831922516893986
3262271	3.8529396280646324	219.77979723059613
3262272	2.2388713359832764	248.0175018310547
3262275	2.977236356931863	105.776121077999
3262277	3.120300946916853	104.33517666520744
3262513	6.4305439601510255	-83.71934171582832
3262517	8.270278827710586	197.17421973546345
3263810	14.595078167162443	142.49277453952365
3263811	3.637789748609066	183.09396774628584
3263812	8.879280904928843	179.35708040940133
3263813	11.403177261352539	161.56504821777344
3263916	5.8379005911495705	-730.8327635989164
3264101	3.0499272476881742	45.92712027579546
3264103	3.4451899337768555	191.0316845286976
3264108	2.7817655696588406	56.93633343191708
3264293	3.02692126458691	250.27490825037802
3264294	5.000341063592492	193.23731313432967
3264381	2.944451268513997	172.57022349039713
3264409	6.3461456298828125	155.4744809922718
3264537	8.529087307089465	204.18856126828626
3264566	4.412479548350625	-767.0359914953059
3264567	5.944655727457117	198.12719177246095
3264608	8.69576096534729	289.06634521484375
3264799	10.764261083399996	196.14049263000487
3265310	7.810804986953736	206.65509490966798
3265311	6.390168070793152	284.0362548828125
3267759	5.305098445689092	209.32170929447298
3269124	2.4027678200176785	244.32520069795495
3269125	3.579089754157596	131.51277072613055
3269126	3.3338039861108264	68.97833844198696
3269128	4.012075781822205	-142.80213941846574
3269130	5.711947716883759	218.218657372703
3269174	5.009073189786963	222.499510936248
3269537	2.894767411377119	-467.0345779207018
3269541	3.537052641312281	187.41561453683036
3272889	9.523992977873252	19.691870141774416
3272890	10.846143426816107	79.63748434119755
3274205	4.388928985986554	159.52995633322095
3274210	5.170397276878357	206.21652186646753
3274285	4.066544633487175	136.37683073140806
3275403	1.5748469442934603	207.71951986614027
3275405	3.5738254487514496	182.58947272667518
3275407	4.486516787455632	192.0733725229899
3275410	4.610961099465688	217.37867736816406
3276917	7.498506259815446	52.673636989058735
3277595	4.309379747685264	-1312.4578235332783
3277596	6.036290781838553	-345.52000295704806
3277604	7.810799731290277	-146.2104812243476
3277665	6.668354739233391	-1178.9322587675967
3278028	6.585798857112725	207.62835965467536
3278296	17.575119251158178	58.59808973363928
3278298	13.699858893262277	122.94907344962066
3278594	10.510968671526228	-478.7173238273795
3278596	6.915588198544143	-248.34896121025085
3278620	3.2534057091822666	146.5667082922799
3278621	3.320324955802215	62.5141777727339
3278622	3.1493437723679976	117.73396072387695
3279031	9.62462289598253	186.99554645653927
3279710	8.060943603515625	239.52262268066406
3279713	1.571002721786499	132.4570541381836
3279714	3.635520452260971	132.15127059740897
3279717	4.959084365516901	-936.7302780151367
3280501	6.006712851645071	113.15629488461977
3280502	5.485274746611312	132.51910824245877
3280504	4.994700851111577	122.99226653575897
3281089	9.23110294342041	64.65382385253906
3281090	12.389765787124634	48.779303789138794
3281591	14.924652424411498	317.2429694569472
3281595	10.136920928955078	327.39678955078125
3281596	2.698862279454867	218.29575417439142
3281616	14.08161457379659	214.27365991343623
3281617	7.70932153860728	217.25892639160156
3281629	9.503593370318413	258.5509490966797
3282043	3.4472746029496193	-109.37099612386604
3282048	4.347574636340141	-855.110647559166
3282049	3.8026273407434164	137.4786670472887
3282207	8.724719127347647	180.1576168997246
3282491	8.48450265611921	149.77844342318448
3282492	9.223395125071209	-1693.6179815350156
3282493	8.090020245168267	-1225.4804477126975
3282494	7.423006939888	-1361.2098263572243
3282563	8.43666562053465	-1312.9113205408646
3282564	10.634241331921945	-1108.50935643514
3282887	4.129916642023169	173.62430027553015
3282893	2.390474647283554	203.22728692917596
3282897	2.839716659651862	162.06712770462036
3283997	6.242850708810589	-293.3150019199728
3284050	3.4572052637911055	-3.3714383417560208
3284056	3.763673908305618	154.75136262279446
3284218	1.9343834221363068	247.0202282496861
3284219	36.38652880986532	178.55038742792038
3284613	11.29333574295044	54.71190756100874
3284720	8.78864388630308	254.26983825683592
3284722	2.790791714513624	136.84355533824248
3284726	5.205358664194743	48.20132586359978
3284727	3.337309201558431	247.42010716029577
3284777	13.073878288269043	26.303476333618164
3284778	10.312034977806938	207.87869824861227
3284782	15.953523476918539	247.8980499267578
3284783	9.055129160483679	237.83471588861374
3284784	7.632125927342309	214.73697321038497
3284785	17.021312713623047	238.98822021484375
3284786	7.0033698081970215	192.1461775643485
3285914	10.247338994756921	-147.5109315923282
3289558	6.909676366382175	176.19091835021973
3289628	10.608053779826975	151.77689095175995
3290814	5.621130629191323	-252.77370256644028
3291221	9.399103769234248	136.77731557075793
3291295	7.051570614830393	164.49751245325263
3291296	7.476453685760498	168.37650299072266
3291476	4.2700459361076355	206.31377792358398
3291477	3.7459532465253558	195.58010710610284
3291478	4.107388242431309	225.534325533135
3291540	6.52430485372674	174.6744416518645
3291793	3.2864361831120084	236.91837664348324
3291794	21.442470959254674	254.6432342529297
3291796	2.8655341886557064	204.08734280455346
3292964	6.754261171116548	181.75880271510073
3293077	13.661130315166409	174.74792073984617
3293081	11.24903122584025	183.03506833856756
3293084	4.562457045730279	193.84156918993185
3293088	7.383264768868685	230.2017917484045
3293935	2.3247072458267213	41.18675899505615
3294014	2.6489120739219834	-178.88512337207794
3294020	7.711023133141654	155.52649812440615
3294021	2.7626213588212667	146.85401079654693
3294022	3.1208778528066783	210.15640375349255
3294086	2.3771837949752808	-615.8333255023491
3294367	8.328383452892304	226.98573185847357
3294368	5.604542675600872	-1300.5993733170856
3294369	3.805317223072052	-1872.1739807128906
3294370	2.860188739640372	-1874.6130096435547
3294371	8.073024363621421	159.98036658343148
3294372	9.874530787861675	-1001.1752216076029
3294714	5.772853152110026	166.57460961592824
3295673	8.508710853870099	-114.78336418230917
3295675	5.435115712029593	-1110.4783623218536
3295676	5.08226953347524	128.27712985447474
3295677	3.5050012667973838	135.00000143051147
3296547	5.459245966652692	131.91121180304165
3296557	5.958908975124359	139.8875239610672
3296558	6.257156769434611	253.94005330403647
3296561	8.53726315498352	161.51027488708496
3297009	3.119459534946241	228.22069640386673
3297202	11.196869341284037	129.07088712135456
3297213	16.253721290476182	146.432711257491
3305444	3.5063183387120564	254.28823551413132
3305451	3.027242285864694	264.59444536481584
3306463	7.297853751937942	-1069.6172376305167
3307342	5.767623259804465	209.51480748360618
3308408	6.408800015939731	-615.4914488969026
3308466	3.8079408148060674	166.86143212569388
3309031	6.532912443310434	151.99204584849733
3309753	6.3990843526778685	159.06780671251232
3309830	11.634102794061224	257.6927980091665
3312581	2.801604986190796	188.85502115885416
3312583	4.307834162742277	87.22201662930576
3312588	5.168433860496238	84.5140141805013
3312799	5.116457850592477	141.34023862896544
3312861	3.341090887784958	77.63376998901367
3314411	2.520017479474728	-1160.0788869857788
3316067	6.573157177953159	153.62082232704645
3316139	2.1961785405874252	-1193.2170077006022
3316146	2.063860074204592	-334.88885140295474
3316148	8.219610011323969	-917.6086087434188
3318368	13.922387636314005	-54.801711937476846
3318883	12.84634566883887	-105.42124657518535
3319093	2.52576284829308	-271.5033807509985
3319099	5.920248846464519	-2445.277447119067
3323156	8.003509102123123	-22.154350512495665
3326654	9.795886155686091	-304.3671244487206
3326889	13.792009890079498	247.64371314415564
3328839	5.98939498141408	255.02817086612478
3329270	5.1258533746004105	251.0603760750063
3329517	7.4337476789951324	219.50803768273556
3330467	4.347033353952261	172.58738490513392
3332294	3.387625508308411	-1700.1716277258736
3332300	4.8968771828545465	208.56939284006754
3332301	4.407479126006365	115.78067717832677
3332358	6.409166674315929	72.41992323369865
3337038	4.6912135283152265	97.94102478027344
3338606	5.878561019897461	145.29688517252603
3343930	10.136920928955078	293.1986083984375
3344656	6.465160528818767	191.89337921142578
3344681	11.00217080116272	211.6723175048828
3345929	3.4082107543945312	112.15486145019531
3347430	3.4748091399669647	259.7224182128906
3352337	1.7076958417892456	111.40032386779785
3352413	4.266084591547648	129.70041751861572
3354550		322.08616638183594
3355990	2.91913104057312	347.00537109375
3362303	4.155523657798767	328.4332641601562
3363315	7.535608847935994	177.23623657226562
3380218	1.5549868864750644	-220.63655893360257
3380220	1.1168875132861122	-1127.1300524836001
3380222	0.9729159120529417	-474.5346425534799
3380223	1.4473342088765877	-818.0998191288539
3380226	1.1357006494488036	-929.227251237162
3380308	1.0767701639722815	-631.2314631406242
3380309	1.2590681900525227	-926.3853766903733
3380334	1.0804397825683867	-602.6084775320242
3380337	1.1173213243064006	-1257.7418352199506
3380834	1.0045477716212576	-1605.626202544353
3380837	1.222141927377337	-2258.5136569377987
3384638	1.5009226167903227	-1506.427984847579
3385741	1.2601269542515934	-1647.8690009789964
3390825	1.3924853530615868	-635.1517323395082
3392960	1.8586332622327302	-886.1276244219612
4172942	1.944513837993145	160.89971877307426
4175478	1.3234709515432117	-856.7915725026812
4180857	1.2165792554616928	-557.3733003433437
4186116	1.1125027150438542	-270.4595129864771
4198000	2.5794201167346222	-458.8131476243337
4205906	1.8112707163790147	-2860.9824980773924
4205908	0.943680885591005	-703.7394051985307
4205979	1.3082342498442705	-212.81311352281685
4208582	1.9021286875815004	-501.33319751309676
4211126	3.293969083715368	169.4532073398806
4215829	0.9018357197443644	-1767.6207707233918
4218565	1.5622686402714667	-1244.5397799641196
4222078	1.3822779734929402	-22.81399978233489
4223283	1.5459677633785067	-1025.0556733782698
4223363	1.0476710984581394	196.96651436642904
4227203	1.8362015633893436	-1145.4748508609525
4227418	2.861714611450831	84.48200900738055
4236079	2.2960279549871174	-181.06365168774067
4238453	3.0526807450112843	-269.8347306894452
4238794	1.7602591067552567	-1233.6412481943767
4238795	1.118768400196576	-3636.7307247519493
5012864	1.220887343650612	-756.903413142451
5040938	2.4555315092834586	213.73404404146586
5041020	2.5844618296689275	109.21198809264136
608977	1.1977314458173864	-2022.1662598794965
618613	1.1172086111334867	40.604153203440234
629732	1.2941688313541642	223.30504556604333
632401	1.686039128202073	165.48929613587484
632489	0.9629870891571045	80.40252647399902
632491	1.0819668954470343	52.07759084735477
632611	1.101200198815539	87.56954988393817
632923	1.0352137411794355	-161.37745275593443
633586	1.2336251982487738	173.74469884174806
633683	1.3225567078590392	1.2884739894492954
633747	1.3010617262534512	-306.53480160834704
634125	1.401628898573922	42.21964304741115
6926903	1.6021889126300812	-824.8989450205927
7047967	1.9314359944799673	198.0259696960449
7093347	2.3236045837402344	264.36110566791734
7093348	3.272312500260093	233.702980443051
7093908	3.159799416859945	87.81344604492188
7094263	2.485983035143684	-2055.5429496765137
7094783	0.8830188512802124	267.7380126953125
7094784	0.93612593015035	-1073.800024460773
7094785	0.4791533499956131	-3646.0706310272217
7094790	0.8071989692174472	-2060.5835232053482
7094792	1.6774254741747516	-5275.637909660512
7094823	1.6296565979719162	171.66353750228882
7095300	2.283956971661798	119.91117536517936
7095307	4.017545859018962	160.4460165841239
7096050	60.56726600907066	88.83661857018105
7096053	2.3270028829574585	146.93101196289064
7096246	3.867941951751709	79.8690071105957
7096253	2.35019913315773	194.27508163452148
7096640	4.882403544017246	301.1451721191406
7096646	2.408208621872796	62.544106589423286
7096670	2.725481301546097	131.3241138458252
7096738	3.082825779914856	264.01118918026197
7096775	4.032145321369171	76.71747493743896
7096952	3.247978115081787	292.9539358956473
7097196	1.9556250986845598	283.5180358886719
7097430	2.266755622625351	74.62123069763183
7097524	1.7372786204020183	144.56612014770508
7097903	2.6344891445977345	103.97956371307373
7097904	3.1018946409225463	173.3903778076172
7097905	5.962010145187378	-5913.086990356445
7097906	2.2018275022506715	82.61116409301758
7097920	3.6289789369029384	-591.3540668487549
7098162	4.095121221664624	278.1304897126697
7098250	13.030439869562786	255.07611641517053
7098251	4.340599603123135	289.6052025689019
7098404	1.9811497085234697	110.71793996791045
7098801	1.756563766249295	222.09859201881324
7099621	1.861249421772204	229.61356665498468
7099629	1.4682161137461662	103.63555603027343
7099758	1.9481136946782578	190.0605720351724
7099788	2.1622941262962283	105.86585026286369
7100056	8.802976073889896	201.46792578697205
7100058	1.720763082456107	215.12315633345622
7100142	2.3722997506459556	249.5921230316162
7100150	6.213919639587402	224.8942974193676
7100639	9.735332091649374	160.71428571428572
7100644	2.1530324618021646	150.0
7100787	2.2812472780545554	199.4432830810547
7100789	1.7737436148585106	230.75407948213464
7100790	2.645758867263794	206.35911407470704
7100791	2.6376546810973776	143.74687939155393
7100793	1.8978393903145423	76.36884155273438
7100853	2.301285987808591	-918.6487456427681
7100877	1.732203523317973	206.80113728841147
7100934	2.8809444223131453	271.2887704031808
7101152	2.6809853940475277	98.47794934524887
7101162	1.7321124523878098	294.46586418151855
7101163	1.8297460043069087	135.2645971835414
7101480	2.957682410875956	138.82638092041014
7101497	2.296493580708137	222.92012084960936
7101573	2.299814086407423	-185.76366475423177
7101853	1.741141070638384	177.52114534378052
7102262	2.396219273408254	149.65334828694662
7102347	2.3636628700339277	-29.9102895043113
7102351	2.4704254508018493	186.95029830932617
7103181	1.4192999260766166	-1071.163106918335
7103191	1.5142188995115218	-1846.872492090861
7103196	1.5608741981642587	-2970.707901239395
7103287	1.4518214911222458	201.21189498901367
7103289	0.9844064206788035	-851.3275087356567
7103421	2.0671760647795923	170.37386824445028
7103523	4.705190373503643	192.2171929099343
7104845	1.7675454235076904	126.63828070958455
7104858	1.7094562848409016	133.79794708887735
7105219	2.2334904193878176	153.68622016906738
7106898	2.634272495905558	136.46623102823892
7107054	5.667020184653146	-4100.018585205078
7107205	3.852558453877767	204.19402821858725
7107613	2.791995161618942	36.72053762384363
7107688	3.2667145512320777	62.54816097683377
7107697	1.9801887571811676	44.92272383371989
7108143	2.570485385564657	108.45763977050781
7108647	2.615310605182204	180.1213766479492
7108649	2.5570411880811057	126.86681747436523
7108733	3.1131151715914407	294.2692108154297
7109058	1.9531544957842146	56.082425117492676
7109060	2.046111543973287	328.4670837402344
7109067	2.2883772797054713	-213.1387939453125
7109162	3.2521265818748946	61.3423870227955
7109165	1.9230447815752578	-71.14441083669662
7110253	0.691302227122443	173.71694496699743
7110938	1.821823857047341	127.81468362074632
7112017	1.0264926453431447	227.8223613392223
7112120	0.6145821677313911	-817.5161231994629
7112218	2.444045467036111	199.15661687436312
7112356	2.4572914060281246	279.20532313515156
7112358	17.91930091381073	308.3649684361049
7112364	1.6579435229301454	245.13903121948243
7112365	1.284186151292589	178.4061972878196
7112455	2.0954490227577014	46.816584534115265
7112567	2.114676094055176	260.17528567106825
7112570	8.896842892207797	254.6526272892952
7112574	2.462736420631409	153.20720330600082
7112643	5.839479361640082	-1160.698016192462
7112645	5.188729912042618	204.23211590997104
7113472	11.3670813867024	-1066.530743560791
7113485	2.290195039340428	89.76501159667968
7113486	2.909706234931946	165.22904544406467
7113489	5.317508220672607	99.5799331665039
7113584	0.9386687970161438	-992.2038991946986
7113716	2.324612092971802	30.091535456040326
7114104	2.4411141099510614	161.5939385057932
7114110	3.4666630029678345	54.21807861328125
7114151	2.1284047216176987	107.04832797580295
7114155	2.739323708746168	191.52581939697265
7114319	2.1059871912002563	88.91931438446045
7114527	2.3085262457529705	-1287.6677859170097
7114762	3.2768255727631703	72.20321432749431
7114849	2.7860947251319885	100.24163987901476
7114907	1.4632747438218858	62.64652967453003
7115109	1.6954981305382468	171.79853081703186
7115113	3.0439001265026273	63.312855911254886
7115200	2.4168811346355237	147.40621701408836
7115672	2.6257233321666718	45.19959694998605
7115677	3.285815494401114	77.04290880475726
7115690	1.8839170694351197	146.5480481661283
7115772	2.0283827781677246	230.30333709716797
7115953	1.979748821258545	215.43177757263183
7115965	3.539966344833374	104.87244033813477
7116058	3.2174389670876895	38.43438069443954
7116059	3.37991681098938	250.36174392700195
7116061	3.3943977185658047	143.91936916775174
7116139	3.0947462454134103	123.28919565200806
7116150	4.375746174292131	306.08753204345703
7116153	2.6619714498519897	191.69037246704102
7116156	1.8291081190109253	261.9768998887804
7116163	2.30417086482048	274.6749296642485
7116445	4.244459145209369	260.55335235595703
7117147	2.595975319544474	322.5399576822917
7117192	3.081388831138611	327.4932098388672
7117307	1.7724791169166565	191.38096321953668
7117743	1.659797941937166	177.49194074931899
7117745	0.9372857312361399	-610.0836499532064
7117835	1.6461840867996216	325.36728515625
7124787	2.464313668012619	181.92740240097046
7124792	2.1912282364709035	160.6662343343099
7124820	2.623015345438667	-72.15304519317962
7124822	1.7775787316359484	106.05101368878339
7124895	2.089179819280451	146.3684756939228
7124984	2.4804390549659727	137.43789100646973
7124992	1.7289085984230042	174.1574871229089
7124997	2.9391786813735963	175.4826352437337
7125076	3.4184507661395602	162.8391098022461
7125077	3.610996723175049	93.68699188232422
7125386	1.4093455097505025	141.22420630538673
7125477	3.9608885500882125	-886.7583701769511
7125490	2.047490417957306	188.8117181163723
7125597	0.7748471260070801	164.5787467956543
7125600	1.3762108385562897	135.8708641949822
7125601	2.0657018650145758	-1136.4424929618835
7125648	2.5229556037158503	91.319833278656
7125651	2.754581650098165	125.93786457606724
7126815	1.8046414937291826	155.67099627326516
7126816	1.424596322666515	-214.8455960309064
7127551	4.56299215555191	234.46519747647372
7127928	2.3725209534168243	173.99200380765475
7127964	1.5719749010526216	311.9487559000651
7128026	2.36118542248348	224.81457765429627
7128039	2.4293731726132908	157.88096316107388
7128040	2.6463961601257324	117.0
7128119	1.7526861887711744	313.5948028564453
7128122	2.1623609330919056	121.97221413411592
7128195	0.9070956545907098	84.20704462498794
7128464	3.4026352763175964	49.40886735916138
7128830	1.6836938460667927	68.98987452189128
7128858	1.7266598485765003	258.15335006713866
7129133	2.968272603076437	89.07129955291748
7129138	1.6019368355090802	58.79506037785457
7129296	2.503584543863932	89.56630926132202
7129300	1.9158719355060208	251.70214015415738
7129537	2.0400243252515793	83.8130002617836
7129557	3.4030129114786782	204.49144151475696
7129559	1.758320348016147	211.64892852783203
7129567	3.6179434299468993	123.5948737008231
7129686	2.8625819832086563	85.30859311421712
7129738	3.408799648284912	140.22520141601564
7129759	2.433198797459505	121.9109765215123
7130446	0.5342493707483466	68.96112616856892
7130447	0.0	-792.049259185791
7130468	1.3158379831011333	-326.8233933168299
7130529	2.4911340026112345	93.5427984237671
7130564	0.961276224454244	-1588.1763932909284
7130873	2.626774091720581	231.00775024414062
7131236	1.9844210247198741	248.63818946251502
7132568	2.6231034142630443	159.27978001470152
7132659	1.0291837334632874	-5436.897263266824
7132664	1.7344754576683044	-2115.8685678335337
7132910	2.150907371725355	79.00456771850585
7133082	1.7767965220488036	237.3815312194824
7134099	0.8010029792785645	233.84799003601074
7134105	1.1207362688504732	125.20022583007812
7134427	1.937774360794382	174.52755289579693
7135001	1.2472513169050217	206.48986261541194
7135102	2.771259586016337	169.761577129364
7135104	2.547270805868384	69.02726480732225
7135339	1.0012537240982056	150.0
7135778		117.44758796691895
7137145	4.462106227874756	212.3750025431315
7137359	2.211403727531433	117.36312999725342
7137369	2.9142771283785502	-117.51304974275477
7137370	2.2873524467150372	48.496907019224324
7137853	5.733506408231012	293.41589164733887
7137865	17.19718987601144	237.29238891601562
7138003	2.557211697101593	285.3365216936384
7138552	1.5618184100497852	-88.48661683245403
7138671	0.8642893234888712	65.10779353550502
7139080	2.195372287432353	204.45115993549297
7139094	2.3634288708368936	204.43887164857654
7139095	1.7609888879876388	82.2586807274237
7139169	2.778233528137207	318.5625
7139253	2.1281173706054686	25.67546615600586
7139384	1.612757158279419	199.98864894443088
7139462	2.4190917100225175	239.9946103182706
7139882	0.5899943908055624	62.067795276641846
7139888	1.933170422911644	214.30449295043945
7139970	2.9837440061569214	-364.2411828835805
7139975	1.8681994080543518	-2380.6087379455566
7139990	1.1557675361633302	247.36028137207032
7140082	2.3817464113235474	215.01696742664683
7140185	1.6776464581489563	49.816078186035156
7141175	1.62441466583146	103.58303884557776
7141631	1.6713355351717045	16.291979522705077
7141636	2.4365798550916007	155.876268536857
7141639	1.9362087588684231	235.9104332663796
7141903	2.880098167587729	41.37125929664163
7141914	3.241311856678554	230.15882873535156
7141925	3.100241462389628	290.64772033691406
7141972	1.5289607842763264	246.14497884114584
7141975	2.0603018094753396	212.36654296288123
7142028	2.075588309764862	93.82474576509915
7142276	1.755762561371452	103.50992610786534
7142377	4.830329537391663	130.91307009183444
7142589	1.3659128618240357	-214.59624751408896
7142598	1.6097692549228668	124.32252788543701
7143053	2.6971100539695927	229.7155345916748
7143148	4.026727199554443	83.86454467773437
7143150	1.8665884983155034	190.47348553558876
7143227	2.257981300354004	284.5047016143799
7143234	3.319806328841618	149.74451484680176
7143250	4.07551708817482	88.97398948669434
7143251	3.022565549070185	153.2914547390408
7143841	1.486493080854416	
7143848	0.7921245098114014	-2851.179369131724
7144228	2.2485186139742535	131.81282583872476
7144335	1.3684198288690477	175.09946838378906
7144359	2.2921569858278548	299.5367370605469
7144506	3.4184065878391268	53.09131120380602
7144526	12.816654014587403	252.545263671875
7144613	4.960475564002991	323.9197270320012
7144685	3.2514386773109436	216.0939461844308
7145367	83.2908119559288	110.96639480590821
7145371	1.5758501052856446	41.988331158955894
7145429	1.8478912711143494	249.2431707041604
7145502	2.6391379733880362	237.99860949848974
7145508	1.774799240396378	-935.7356242304263
7145510	1.3747434436150316	176.65762607867902
7145512	2.816860345693735	-167.99013124663253
7145516	2.3727956809828767	-461.22974711140307
7145517	1.902603594032494	230.2404496042352
7145532	6.6869086742401125	285.5815765380859
7145680	7.576916456222534	162.18668619791666
7145790	1.2921874523162842	222.48059590657553
7145860	2.0158863299422793	200.65001638312089
7145865	1.8094525426946662	113.42565095022823
7145941	3.1817042032877603	287.248291015625
7145949	2.010260909795761	210.18749936421713
7146026	1.808199115421461	98.98377629330284
7146054	1.1358261841994066	-636.727231161935
7146063	0.9993252724409103	-684.8545051373934
7146109	2.341896840956359	165.01571402116255
7146129	2.4141839771043685	227.94744312061982
7146133	1.746787198952266	240.8745317913237
7146169	2.0708540081977844	216.91711044311523
7146311	1.832529866695404	176.52565957322906
7146372	1.8231824040412903	124.69515228271484
7146597	4.582228819529216	-3318.0
7146772	1.5722005339555962	137.45747401979236
7148512	4.220493197441101	148.35285126079214
7149046	0.8405108985147978	-1153.2472304319724
7149047	3.0915767351786294	109.69147872924805
7149050	1.861281061825687	-549.5362392059744
7149153	1.2441662549972534	75.34690348307292
7149160	1.4554908432458575	166.79914762973786
7149161	2.0812954107920327	325.85536193847656
7149327	1.4724736611048381	213.11340543958875
7149429	2.3595635195573172	-814.5843693126332
7149607	2.0910994013150535	95.47560667991638
7149849	2.792271767343794	-548.5711046854655
7150040	2.839684011385991	268.947775179849
7150042	2.4736537168610773	115.9540207362175
7150120	1.7303680233333423	98.33482368319642
7150579	1.7188938874186892	246.08141561654898
7150663	1.0109840506001522	265.5430809469784
7151008	3.096888134876887	207.61047077178955
7151172	2.5615437626838684	247.9462432861328
7151615	2.083586873715384	-230.56769519805908
7151834	2.3374866594870887	-386.6414193546071
7152033	1.3093788712112993	49.34641880824648
7152124	2.9468827128410338	202.8753925191945
7152125	1.3574781051048865	227.1318613688151
7153563	3.3080878522661	133.21463229205156
7153679	6.0052268505096436	-4321.048327975803
7154177	4.028051188311626	166.55773213468953
7154812	3.109088407622443	228.68515268961588
7154815	1.5211066007614136	40.252509435017906
7154826	2.9244714975357056	52.01812171936035
7155183	2.720094686001539	215.4095889580877
7155191	2.3002716402212777	231.1884445084466
7155281	1.5586406928356562	184.9212050004439
7156085	3.331529292193326	151.42771530151367
7156406	4.027475133538246	113.69519840587269
7157172	2.320998454093933	-1184.9533540826094
7157173	2.6572183105680676	-250.00241357308846
7157243	0.23599775632222494	31.36028137207031
7157270	1.6044004261493683	212.86095428466797
7157331	1.9948116200310844	307.97105525090143
7157353	0.44388204993623676	208.52821350097656
7157808	6.3979813030787875	256.54468790690106
7157810	8.161170800526937	297.485595703125
7157995	2.0708089768886566	78.98339970906575
7158256	2.262934010331802	130.88152334440585
7158258	1.2618226664406913	168.5204570167943
7158259	1.4276453410425494	71.85767705099923
7159514	2.184034612443712	88.50234985351562
7159525	1.8094954826299428	107.82271035836668
7159532	1.3278910091945104	93.73403930664062
7159619	2.263721780956916	178.7884381612142
7160515	0.7197100791064176	102.36409828879617
7160528	1.5421738690800137	225.61661434173584
7160643	1.2058115601539612	250.63220596313477
7161021	1.4324417686462403	187.21810041155135
7161347	1.9766069199587848	177.84193385274787
7161355	2.3098723830246346	183.8776082125577
7161363	2.206156066994169	43.65862606612729
7161392	5.854394733905792	192.06399245489212
7161686	2.408913953737779	175.95740826924643
7161884	2.3604195601231344	147.1567857676539
7162245	2.369553673558119	125.26903402609904
7162251	2.5622802802494595	236.78111877441407
7162265	1.6592058212526384	198.09354871862075
7162270	1.620247972317231	128.8650031230029
7162288	2.5938889493747634	144.7825767268305
7162381	1.2811931441811955	128.20195045471192
7162493	7.312177079479869	235.8980906559871
7162499	5.553499844670296	186.1991641574436
7162513	3.040253670592057	228.98853787508878
7162564	3.325624072551727	181.99771440029144
7162565	1.9974552265235357	155.70899337988632
7162603	8.774531913840253	198.38420478157374
7162696	1.4497668743133545	153.88164019584656
7163036	1.8897436559200287	23.35253842671712
7163117	3.0098546743392944	153.70972501314603
7163121	1.542543518132177	47.82803440093994
7163125	2.9580533906817434	-470.08113127946854
7163525	2.47465967386961	84.15834641456604
7163748	2.1782758065632413	153.59101643281824
7163829	2.025303275496871	181.6769790649414
7164016	1.9483426991436217	214.23150626818338
7164826	1.9476746970956975	186.29379331148587
7164911	2.377012115536314	169.48398500330308
7174005	2.107309310524552	111.20256688044621
8393864	1.4492772481380365	94.23002347946166
8393874	1.1698810736338296	141.08235591290946
8393959	0.945394866168499	278.94486793875694
8394341	0.3513145168622335	108.2984185910994
8394353	0.398403180970086	64.04729357632723
8396059	3.105379352399281	-1863.4582177734376
8396726	3.4337488642658096	121.54745542435418
8397713	0.7460271537303924	244.12453538066936
8398187	8.640516972257977	226.5540271227873
8398618	1.472785348072648	133.62073822021483
8398972	1.9169900444217194	196.77347722391443
8401503	3.790322075287501	67.88622131347657
8402377	1.4894960374913664	142.25892434296784
8402957	7.5821593458002265	-9.773138427734375
8403511	3.7398535311222076	-1550.2807028634209
8404603	1.7114778218730804	247.6168705109627
8404695	1.0928292229205747	-74.43475209554036
8404717	1.4133357214927673	33.06279477206144
8404942	4.458056246730643	-1003.8890048399667
8405022	1.902193395987801	108.50897626082103
8405023	1.1370454654097557	79.22396997043064
8405042	3.6570094879716635	82.49990971883138
8406263	6.277294481909553	265.055424719322
8406264	4.9872300284249445	202.27143546513147
8407266	1.4655340891617996	199.26913974468525
8408703	4.691801073599835	26.178154953441847
8411874	2.2881241711703213	96.66832871870561
8411877	2.8148507277170816	94.3987045288086
8412140	24.22660992885458	116.27918444181743
8412141	3.562391689845494	225.0346152565696
8414244	3.6996317599949085	273.0929718017578
8415064	5.667777365108706	-1006.5523600675622
8415350	1.290805114167077	262.7787272135417
8415701	8.484028540159526	147.92805986526685
8415750	4.359867970148723	-3228.0
8417042	2.1808957558757855	160.54457136300894
8418166	2.7827686150868733	174.42069800307112
8418237	2.5199216433933804	124.05076225436464
8418240	2.6503340739470262	95.94141599867079
8418887	2.5612802946049236	-16.38156521704889
8418889	1.9561695456504822	-546.0797260957605
8419116	1.7192701372233303	126.44480895996094
8424674	1.4206305657114302	168.89833775273075
8424682	3.6607615798711777	-54.508735232883026
8424693	6.492268436914914	24.199380779266356
8425454	3.4882065504789352	259.13733141350025
8425540	2.7992297957340875	134.68908926781188
8425548	2.5236619412899017	211.40517608642577
8425751	1.3378850530695032	-1982.5761829723012
8426399	4.751687089602153	144.52280130386353
8426663	3.893777560803198	244.32360692178048
8427670	4.8915853080615195	-2143.5880556379047
8427679	7.4612606672140265	-65.76570247082
8427750	6.399325813565936	267.9572125603171
8430349	0.736439868023521	233.92226867675782
8431049	1.255092416748856	-385.43003151633525
8431160	4.709295019507408	227.93823623657227
8431167	6.063924219157244	-251.06839819515451
8431170	3.312857603033384	-677.5285502624512
8431253	2.473891854286194	-1367.4839512751653
8431258	2.9164071083068848	130.4569677269977
8431930	7.683382770844868	127.37415938907199
8433294	5.938519835472107	241.9176959991455
8433306	4.747599631547928	-387.87711374383224
8433316	6.384243300086574	271.4503048658371
8433509	7.026718550258213	233.0357327052525
8433586	9.122152032523319	250.24163344810748
8433602	2.612710195202981	230.31026335685485
8433604	5.568470254392907	30.648896523241728
8436069	1.1333322823047638	237.8806379699707
8436156	0.8846984748487119	-13.293591076814675
8437112	0.9157779974038484	120.02324097090033
8437114	0.7820382579680412	39.074438360002304
8437273	5.324828330208273	260.30912331973803
8437276	0.35566849404192985	218.45494305003774
8437294	1.8295881350835164	55.48409395632537
8437348	6.147243062655131	266.9275080362956
8437719	0.9412419770074927	106.90134673822122
8439607	3.0622974270481174	157.89097219705582
8439611	2.910313378680836	86.4340625
8439939	1.091651267475552	90.55270910263062
8439945	1.0442956844965616	99.71733273400201
8440592	2.594225459239062	-122.02094411849976
8441615	1.246916651725769	189.42516150841345
8441688	2.0848469776766643	230.26438444632072
8442779	1.5847773800293605	223.24186508296287
8443073	11.057028807126558	-1781.7900866595182
8443792	1.9910505597408001	293.4050166917884
8444293	3.474801213844963	167.48077456156412
8445004	7.424234378165093	-766.4964401185974
8445634	1.8812172963069036	87.93023000444684
8449946	1.6474173545837403	-3868.286990356445
8450577	2.042656348301814	181.5151112874349
8450579	4.694441408822031	-1184.9408369202545
8454416	4.528782192468643	145.45163401057212
8454492	3.596190576283437	-811.2893583189766
8454493	3.101753368097193	-354.0944800125925
8454588	4.691344511124395	119.49439447215109
8457196	1.8572757925306047	160.71428571428572
8458754	1.2259258357463059	148.5533739842406
8459997	7.996591918608722	-916.71216302169
8460070	5.4042782024903735	108.75558330701745
8462572	1.1893955155422813	194.8007026248508
8463730	3.979278367918891	-1847.3613447709517
8464039	4.943142294883728	116.88592875281046
8464617	7.285365052606868	199.86200310527414
8464630	4.371159362792969	251.39700669508713
8464965	1.3013863695992365	22.51331837972005
8467096	6.117711767554283	148.59472900629044
8468042	1.6346913082259042	-1025.499681322198
8468357	6.060389414981559	43.92650234952886
8468777	5.5095720291137695	190.32125345865884
8468778	3.8067095449992587	106.64789308820453
8468787	4.7249278456477795	201.07800971137152
8469356	1.5095577425426907	296.50448868122504
8469580	4.604484050544267	-75.11362506983416
8469648	3.658596875036464	106.45132583766788
8471357	3.1510917949676513	78.62112245105561
8472319	4.53987607161204	-1491.6025888002837
8472404	2.710911237109791	133.35244757669014
8474069	1.460814561483995	158.9666986778134
8474160	2.42119587212801	214.37340799967447
8475982	0.3273020642144339	2.3410325050354004
8478126	4.073496913909912	264.9299410378061
8482885	5.964781476103741	214.20812283391538
8482886	5.7416696765206074	-2562.6213955980666
8485295	1.7224726098956484	157.37360480523878
8485470	1.408496491452481	-226.12267709285655
8485905	1.9264637496736314	165.74375661214194
8487113	5.286332282909127	-296.1460528024813
8488202	8.304517955314822	226.34456157684326
8488205	3.2275296174562893	85.46656138556344
8489794	5.679532039360922	198.8236633423836
8489822	3.7827490364384446	262.9088845874952
8489970	0.9145927913118117	153.49713042072045
8489973	1.0030705380759783	274.6622267310501
8491933	1.521330316345413	222.28632445927084
8491934	1.1299491193559434	-313.55414626472873
8491935	0.8495703959951595	-195.3205452325209
8493911	2.769405629899767	145.0304847717285
8495210	11.01484062936571	67.73249520195856
8496400	0.9965824204042923	170.00377110072546
8496474	1.461393393911757	228.21150968642462
8499558	3.117370025864963	-325.1191547687237
8499561	5.018816522189549	193.8737636566162
8499795	4.313577771186829	330.9087727864583
8500857	4.300116504392316	-875.5117610584606
8501179	1.745979598590306	262.00409412384033
8502773	2.61040069103241	309.79084178379605
8502779	4.7882301622713115	-1952.8285078321185
8502780	0.9631396134694418	-2342.25
8503250	2.2722904504613672	-6.830781173706055
8504198	3.9366947799921035	106.84809047617811
8504267	2.0983707427978517	138.4126968383789
8504270	2.8504638274510703	124.72045236475327
8504663	7.251898812035383	215.8233281771342
8505440	2.5978989519856195	101.37929063094289
8505518	2.865535165582384	85.10096389368961
8505528	1.9816881843975611	268.01807762594785
8505536	2.7644397152794733	135.332824283176
8506175	8.206819106173771	189.2991091706032
8506183	4.972751642528333	94.44707298278809
8506187	9.106017804145813	197.278200785319
8507158	5.043460002312293	126.97883819398426
8507300	0.9893961995840073	93.97312317519892
8539073	0.38312031501947447	194.97215089343842
8539075	0.8515618134003419	-4431.9677418534475
8555042	0.7509402930736542	-4877.782524108887
8563180	7.19794089453561	242.79325188530817
8570056	10.630067711241507	178.70548716898497
8577578	1.8454518072745378	227.25394146259015
8578807	1.2666544498137708	44.53159210599702
8578820	0.7272073989734054	-3994.475580090382
8578900	0.47820571810007095	205.4761593467311
8583151	1.1619214101271196	-471.15556677768103
8602070	1.6147011546861558	153.93191255841936
9507277	0.7012763167349036	-56.53744919287977
9507478	1.1796057828958484	132.7245441235994
9507498	1.7143819788355885	-405.68570733999275
9507500	1.648931287739375	69.66675109863282
9507586	1.5282767415046692	124.67874908447266
9507665	1.0368299553560656	15.758795760926747
9507667	0.9828535262055285	-319.7621696659776
9507670	1.862712025642395	26.4731232325236
9507724	1.028886134493841	117.5102201911518
9507739	0.975431963801384	-338.71759339683075
9508234	1.2652338077495624	-427.06433587325245
9508270	1.5950008238418192	-638.9626988520664
9508276	1.5063697017875373	237.84933381033414
9508311	1.39314404129982	-361.6568782873321
9508314	1.0443282926404798	49.26689174376338
9508395	1.801367185863794	212.38378461201987
9508411	1.3455824955649998	-183.1206463707818
9509578	1.077323680935484	-3260.6287013537262
9511296	1.7616971927353098	62.17602862733783
9511375	0.8768156889988028	-3870.1466701439854
9511406	1.3945360424972715	181.71008446928744
9511516	0.9800603727323819	98.85240055224217
